{
    "quiz": {
        "Id": 1,
        "name": "Sales Quiz",
        "description": "HELX Evolution Sales Quiz"
    },
    "questions": [
      {
          "Id": 99,
          "Image": "/img/quiz-correct.png",
          "Name": "Correct",
          "QuestionTypeId": 1,
          "QuestionType": { "Id": 1, "Name": "Correct", "IsActive": true }
      },
      {
        "Id": 100,
        "Image": "/img/quiz-wrong.png",
        "Name": "wrong",
        "QuestionTypeId": 1,
        "QuestionType": { "Id": 1, "Name": "Wrong", "IsActive": true }
      },
      {
        "Id": 100,
        "Name": "Which feature for the ACUSON S3000 ultrasound system is NOT included as standard?",
        "QuestionTypeId": 1,
        "Options": [
            { "Id": 1055, "QuestionId": 1010, "Name": "Wireless DICOM Reporting", "Answer": "Wrong();"  },
            { "Id": 1056, "QuestionId": 1010, "Name": "eSieImage™ multiparametric optimization", "Answer": "Correct();" },
            { "Id": 1057, "QuestionId": 1010, "Name": "Native TEQ™ ultrasound technology", "Answer": "Wrong();" },
            { "Id": 1058, "QuestionId": 1010, "Name": "eSieFusion™ imaging", "Answer": "Wrong();" }],
        "QuestionType": { "Id": 1, "Name": "Multiple Choice", "IsActive": true },
        "correctAnswer" : "eSieImage™ multiparametric optimization"
    },
    {
        "Id": 101,
        "Name": "The feature in ASP.NET 2.0 that is used to fire a normal postback to a different page in the application is called",
        "QuestionTypeId": 1,
        "Options": [
            { "Id": 1055, "QuestionId": 1010, "Name": "Theme", "Answer": "Wrong();" },
            { "Id": 1057, "QuestionId": 1010, "Name": "Code-front", "Answer": "Wrong();" },
            { "Id": 1056, "QuestionId": 1010, "Name": "Cross Page Posting", "Answer": "Correct();"  },
            { "Id": 1058, "QuestionId": 1010, "Name": "None of the above", "Answer": "Wrong();" }],
        "QuestionType": { "Id": 1, "Name": "Multiple Choice", "IsActive": true },
        "correctAnswer" : "Cross Page Posting"
    },
    {
        "Id": 102,
        "Name": "Further test question?",
        "QuestionTypeId": 1,
        "Options": [
            { "Id": 1055, "QuestionId": 1010, "Name": "Theme", "Answer": "Wrong();" },
            { "Id": 1057, "QuestionId": 1010, "Name": "Code-front", "Answer": "Wrong();" },
            { "Id": 1056, "QuestionId": 1010, "Name": "Cross Page Posting", "Answer": "Correct();"  },
            { "Id": 1058, "QuestionId": 1010, "Name": "None of the above", "Answer": "Wrong();" }],
        "QuestionType": { "Id": 1, "Name": "Multiple Choice", "IsActive": true },
        "correctAnswer" : "Cross Page Posting"
    }
  ]
}
